TimeFrom,TimeTo,Speaker,Gap between speakers
0.03,0.12,0,0
0.12,0.18,0,0
0.18,0.26,0,0
0.26,0.54,0,0
0.54,0.64,0,0
0.64,0.73,0,0
0.73,0.99,0,0
0.99,1.17,0,0
1.17,1.26,0,0
1.26,1.5,0,0
1.5,1.65,0,0
1.65,2.29,0,0
2.78,2.91,0,0
2.91,3.04,0,0
3.04,3.21,0,0
3.21,3.66,0,0
3.7,4.14,0,0
4.14,4.28,0,0
4.38,4.55,0,0
4.55,4.88,0,0
4.88,5.03,0,0
5.03,5.3,0,0
5.3,6.22,0,0
6.5,6.98,0,0
7.52,7.66,0,0
7.66,8.35,0,0
8.41,8.81,0,0
8.81,9.14,0,0
9.14,9.37,0,0
9.37,9.46,0,0
9.46,10.06,0,0
10.55,10.83,0,0
10.83,10.92,0,0
10.92,11.05,0,0
11.05,11.14,0,0
11.14,11.29,0,0
11.29,11.36,0,0
11.36,11.54,0,0
11.54,11.61,0,0
11.61,11.89,0,0
11.89,12.03,0,0
12.03,12.3,0,0
12.3,12.5,0,0
12.5,12.7,0,0
12.7,12.79,0,0
12.79,13.19,0,0
13.39,13.63,0,0
13.63,13.9,0,0
13.9,14.08,0,0
14.08,14.26,0,0
14.26,14.66,0,0
15.14,15.28,0,0
15.28,15.37,0,0
15.37,15.57,0,0
15.57,15.85,0,0
15.85,15.96,0,0
15.96,16.12,0,0
16.12,16.54,0,0
16.54,16.78,0,0
16.78,16.88,0,0
16.88,17.4,0,0
17.4,17.53,0,0
17.53,17.65,0,0
17.65,17.71,0,0
17.71,17.83,0,0
17.83,18.35,0,0
18.35,18.54,0,0
18.54,18.85,0,0
18.88,19.44,0,0
19.44,19.76,0,0
19.76,20.02,0,0
20.02,20.22,0,0
20.22,20.3,0,0
20.3,20.67,0,0
20.67,20.91,0,0
20.91,21.27,0,0
21.27,21.46,0,0
21.46,21.97,0,0
21.97,22.47,0,0
22.47,22.6,0,0
22.6,22.9,0,0
22.9,23.07,0,0
23.07,23.6,0,0
23.6,23.99,0,0
26.31,26.41,0,0
26.41,26.67,0,0
26.67,26.8,0,0
26.8,26.86,0,0
26.86,27.11,0,0
27.11,27.19,0,0
27.19,27.56,0,0
27.56,28.05,0,0
28.08,28.56,0,0
28.56,29.17,0,0
29.23,29.49,0,0
29.49,29.59,0,0
29.59,29.97,0,0
29.97,30.12,0,0
30.12,30.45,0,0
30.45,31,0,0
32.47,32.78,1,1.47
33.3,33.7,1,1.47
34.13,34.65,1,1.47
35.29,35.69,0,0.64
35.69,35.86,0,0.64
35.86,36.04,0,0.64
36.04,36.37,0,0.64
36.37,36.6,0,0.64
36.93,37.3,0,0.64
38.53,38.99,0,0.64
39.02,39.08,0,0.64
39.08,39.41,0,0.64
39.41,39.58,0,0.64
39.58,39.77,0,0.64
39.77,39.86,0,0.64
39.86,40.12,0,0.64
40.12,40.22,0,0.64
40.22,40.52,0,0.64
40.52,40.61,0,0.64
40.61,40.73,0,0.64
40.73,41.36,0,0.64
41.4,41.7,0,0.64
41.7,41.78,0,0.64
41.78,42.49,0,0.64
42.49,42.61,0,0.64
42.61,42.82,0,0.64
42.82,42.88,0,0.64
42.88,43.12,0,0.64
43.12,43.21,0,0.64
43.21,43.32,0,0.64
43.32,43.91,0,0.64
44.41,44.69,0,0.64
44.69,44.8,0,0.64
44.8,45.03,0,0.64
45.03,45.3,0,0.64
45.3,45.46,0,0.64
45.46,45.6,0,0.64
45.6,45.69,0,0.64
45.69,45.91,0,0.64
45.91,46.3,0,0.64
46.72,47.02,1,0.42
47.02,47.38,1,0.42
47.49,47.62,1,0.42
48.43,48.64,1,0.42
48.64,48.9,1,0.42
50.13,50.41,0,1.23
50.41,50.91,0,1.23
51.92,52.12,0,1.23
52.12,52.26,0,1.23
52.26,52.47,0,1.23
52.47,52.91,0,1.23
52.94,53.05,0,1.23
53.05,53.44,0,1.23
53.44,53.55,0,1.23
53.55,53.66,0,1.23
53.66,53.89,0,1.23
53.89,54.09,0,1.23
54.09,54.2,0,1.23
54.2,54.48,0,1.23
54.48,54.93,0,1.23
55.3,55.54,0,1.23
55.54,55.64,0,1.23
55.64,55.8,0,1.23
55.8,55.93,0,1.23
55.93,56.03,0,1.23
56.03,56.59,0,1.23
56.59,56.81,0,1.23
56.81,56.96,0,1.23
56.96,57.09,0,1.23
57.09,57.36,0,1.23
57.36,57.47,0,1.23
57.47,57.6,0,1.23
57.6,57.82,0,1.23
57.82,57.96,0,1.23
57.96,58.31,0,1.23
58.65,58.89,1,0.34
60.79,61.19,0,1.9
61.29,61.48,0,1.9
61.48,61.81,0,1.9
61.81,62.09,0,1.9
62.09,62.2,0,1.9
62.2,62.28,0,1.9
62.28,62.66,0,1.9
62.66,62.81,0,1.9
62.81,63.04,0,1.9
63.04,63.27,0,1.9
63.27,63.61,0,1.9
63.61,64.01,0,1.9
64.75,65.05,1,0.74
65.05,65.25,1,0.74
65.25,65.5,1,0.74
65.5,65.72,1,0.74
66.2,66.52,0,0.48
66.52,66.58,0,0.48
66.58,66.65,0,0.48
66.65,67.09,0,0.48
67.18,67.5,0,0.48
67.5,67.68,0,0.48
67.68,67.83,0,0.48
67.83,68.1,0,0.48
68.1,68.16,0,0.48
68.16,68.22,0,0.48
68.22,68.49,0,0.48
68.49,68.79,0,0.48
69.7,70.08,1,0.91
70.6,70.9,1,0.91
70.9,71.27,1,0.91
71.27,71.63,1,0.91
71.63,71.7,1,0.91
71.7,71.92,1,0.91
71.92,72,1,0.91
72,72.45,1,0.91
72.45,72.68,1,0.91
72.68,72.74,1,0.91
72.74,72.87,1,0.91
72.87,72.93,1,0.91
72.93,73.29,1,0.91
73.29,73.61,1,0.91
74.7,74.92,1,0.91
75.08,75.37,1,0.91
75.37,75.5,1,0.91
75.5,75.58,1,0.91
75.58,75.8,1,0.91
77.52,77.8,0,1.72
77.8,77.86,0,1.72
77.86,78.01,0,1.72
78.01,78.07,0,1.72
78.07,78.16,0,1.72
78.16,78.4,0,1.72
78.4,78.61,0,1.72
78.61,78.77,0,1.72
78.77,79.08,0,1.72
79.08,79.32,0,1.72
79.32,79.49,0,1.72
79.49,79.85,0,1.72
80.06,80.21,0,1.72
80.21,80.29,0,1.72
80.29,80.47,0,1.72
80.47,80.94,0,1.72
81.47,81.81,1,0.53
82.36,82.93,1,0.53
84.11,84.55,1,0.53
84.95,85.21,1,0.53
85.21,85.37,1,0.53
85.37,85.83,1,0.53
85.87,86.31,1,0.53
87.57,88.03,1,0.53
88.03,88.11,1,0.53
88.11,88.31,1,0.53
88.31,88.44,1,0.53
88.44,88.57,1,0.53
88.57,88.84,1,0.53
88.94,89.18,1,0.53
89.21,89.85,1,0.53
90.29,90.63,1,0.53
91.12,91.29,0,0.49
91.29,91.67,0,0.49
91.67,91.78,0,0.49
91.78,91.98,0,0.49
91.98,92.31,0,0.49
92.31,92.83,0,0.49
93.55,93.72,1,0.72
94.32,94.58,0,0.6
94.58,95.02,0,0.6
95.02,95.15,0,0.6
95.15,95.5,0,0.6
95.63,96.02,0,0.6
96.65,96.83,0,0.6
96.83,97,0,0.6
97,97.25,0,0.6
97.25,97.31,0,0.6
97.31,97.54,0,0.6
97.54,97.64,0,0.6
97.64,97.73,0,0.6
97.73,97.88,0,0.6
97.88,98.03,0,0.6
98.03,98.25,0,0.6
98.25,98.62,0,0.6
98.62,98.73,0,0.6
98.73,98.84,0,0.6
98.84,99.05,0,0.6
99.05,99.37,0,0.6
99.37,100.03,0,0.6
100.18,100.39,1,0.15
100.39,100.67,1,0.15
100.67,101.09,1,0.15
101.93,102.09,0,0.84
102.09,102.31,0,0.84
102.31,102.52,0,0.84
102.52,102.85,0,0.84
104.73,105.45,0,0.84
105.5,105.64,0,0.84
105.64,106.08,0,0.84
106.08,106.54,0,0.84
106.54,106.76,0,0.84
106.76,106.96,0,0.84
106.96,107.21,0,0.84
107.21,107.36,0,0.84
107.36,107.54,0,0.84
107.54,107.66,0,0.84
107.66,107.88,0,0.84
107.88,108.13,0,0.84
108.13,108.61,0,0.84
108.61,108.73,0,0.84
108.73,109.1,0,0.84
109.1,109.36,0,0.84
109.36,109.73,0,0.84
109.73,110.11,0,0.84
110.14,110.41,1,0.03
110.84,110.98,0,0.43
110.98,111.12,0,0.43
111.12,111.55,0,0.43
111.55,111.8,0,0.43
111.8,112.45,0,0.43
114.1,114.44,0,0.43
114.44,114.6,0,0.43
114.6,114.71,0,0.43
114.71,114.83,0,0.43
114.83,114.92,0,0.43
114.92,115.04,0,0.43
115.04,115.32,0,0.43
115.32,115.42,0,0.43
115.42,115.57,0,0.43
115.57,115.83,0,0.43
115.83,115.93,0,0.43
115.93,116.14,0,0.43
116.14,116.28,0,0.43
116.28,116.47,0,0.43
116.47,116.85,0,0.43
116.88,117.2,0,0.43
117.2,117.27,0,0.43
117.27,117.36,0,0.43
117.36,117.85,0,0.43
117.85,118.08,0,0.43
118.08,118.22,0,0.43
118.22,118.44,0,0.43
118.44,118.57,0,0.43
118.57,118.61,0,0.43
118.61,118.96,0,0.43
118.96,119.09,0,0.43
119.09,119.2,0,0.43
119.2,119.45,0,0.43
119.45,119.56,0,0.43
119.56,119.82,0,0.43
119.82,120.02,0,0.43
120.02,120.1,0,0.43
120.1,120.22,0,0.43
120.22,120.89,0,0.43
122.54,122.9,1,1.65
123.35,123.53,0,0.45
123.53,123.73,0,0.45
123.73,124,0,0.45
124,124.08,0,0.45
124.08,124.19,0,0.45
124.19,124.73,0,0.45
124.94,125.24,1,0.21
125.24,125.54,1,0.21
125.54,125.67,1,0.21
125.67,126.12,1,0.21
127.21,127.39,1,0.21
127.39,127.46,1,0.21
127.46,127.78,1,0.21
128.66,128.78,0,0.88
128.78,128.87,0,0.88
128.87,128.98,0,0.88
128.98,129.13,0,0.88
129.13,129.49,0,0.88
129.49,129.98,0,0.88
130.05,130.35,0,0.88
130.35,130.7,0,0.88
130.7,130.88,0,0.88
130.88,131.04,0,0.88
131.04,131.43,0,0.88
131.6,131.72,0,0.88
131.72,131.79,0,0.88
131.79,132.21,0,0.88
132.21,132.31,0,0.88
132.31,132.72,0,0.88
134.43,134.54,0,0.88
134.54,134.78,0,0.88
134.78,134.99,0,0.88
134.99,135.27,0,0.88
135.27,135.79,0,0.88
135.79,135.9,0,0.88
135.9,136.21,0,0.88
136.67,136.97,0,0.88
136.97,137.38,0,0.88
137.51,138.01,0,0.88
138.01,138.13,0,0.88
138.13,138.38,0,0.88
138.38,138.97,0,0.88
138.97,139.4,0,0.88
139.91,140.22,0,0.88
140.22,140.62,0,0.88
140.65,140.86,0,0.88
140.86,141.11,0,0.88
141.11,141.39,0,0.88
141.39,141.61,0,0.88
141.61,141.94,0,0.88
142.05,142.17,0,0.88
142.17,142.27,0,0.88
142.27,142.8,0,0.88
142.93,143.22,1,0.13
144.27,144.37,1,0.13
144.37,144.63,1,0.13
144.63,145,1,0.13
145,145.28,1,0.13
145.28,145.47,1,0.13
145.47,145.65,1,0.13
145.85,146.15,1,0.13
146.15,146.36,1,0.13
146.48,147.14,1,0.13
147.14,147.57,1,0.13
147.57,147.77,1,0.13
147.77,148.08,1,0.13
148.11,148.35,1,0.13
149.36,149.63,1,0.13
149.63,149.79,1,0.13
149.79,149.96,1,0.13
149.96,150.29,1,0.13
150.29,150.51,1,0.13
150.51,150.84,1,0.13
150.84,151.04,1,0.13
151.04,151.22,1,0.13
151.22,151.58,1,0.13
151.69,151.95,0,0.11
151.98,152.52,1,0.03
153.36,153.69,0,0.84
153.69,154.06,0,0.84
154.06,154.17,0,0.84
154.17,154.34,0,0.84
154.34,154.45,0,0.84
154.45,154.74,0,0.84
155.7,156.16,1,0.96
156.19,156.66,1,0.96
158.34,158.48,0,1.68
158.48,158.63,0,1.68
158.63,158.99,0,1.68
158.99,159.26,0,1.68
159.26,159.72,0,1.68
159.72,159.86,0,1.68
159.86,160.01,0,1.68
160.01,160.45,0,1.68
160.45,160.93,0,1.68
160.93,161.06,0,1.68
161.06,161.58,0,1.68
161.58,161.73,0,1.68
161.73,162.05,0,1.68
162.05,162.16,0,1.68
162.16,162.22,0,1.68
162.22,162.74,0,1.68
163.18,163.33,0,1.68
163.33,163.44,0,1.68
163.44,163.66,0,1.68
163.66,163.78,0,1.68
163.78,164.08,0,1.68
164.08,164.2,0,1.68
164.2,164.31,0,1.68
164.31,164.86,0,1.68
165.29,165.43,0,1.68
165.43,165.57,0,1.68
165.57,165.74,0,1.68
165.74,166.05,0,1.68
166.05,166.15,0,1.68
166.15,166.22,0,1.68
166.22,166.51,0,1.68
166.51,166.57,0,1.68
166.57,166.79,0,1.68
166.79,167.02,0,1.68
167.02,167.55,0,1.68
168.68,168.82,1,1.13
168.82,169.03,1,1.13
169.03,169.17,1,1.13
169.17,169.24,1,1.13
169.24,169.47,1,1.13
169.47,169.67,1,1.13
169.67,170.06,1,1.13
170.06,170.31,1,1.13
170.31,170.43,1,1.13
170.43,170.74,1,1.13
172.3,172.47,0,1.56
172.47,172.57,0,1.56
172.57,172.73,0,1.56
172.73,172.85,0,1.56
172.85,173.11,0,1.56
173.11,173.51,0,1.56
173.51,173.71,0,1.56
173.71,173.81,0,1.56
173.81,173.99,0,1.56
173.99,174.13,0,1.56
174.13,174.2,0,1.56
174.2,174.41,0,1.56
174.41,174.59,0,1.56
174.59,175.07,0,1.56
175.43,175.69,1,0.36
175.69,175.89,1,0.36
175.92,176.69,1,0.36
176.69,177.04,1,0.36
177.04,177.32,1,0.36
178.17,178.45,1,0.36
179.14,179.33,0,0.69
179.33,179.64,0,0.69
179.64,179.97,0,0.69
179.97,180.18,0,0.69
180.18,180.43,0,0.69
181.52,181.62,0,0.69
181.62,181.73,0,0.69
181.73,182.29,0,0.69
182.29,182.38,0,0.69
182.38,182.47,0,0.69
182.47,182.89,0,0.69
184.7,184.84,0,0.69
184.84,184.94,0,0.69
184.94,185.13,0,0.69
185.13,185.26,0,0.69
185.26,185.33,0,0.69
185.33,185.51,0,0.69
185.51,185.65,0,0.69
185.65,185.82,0,0.69
185.82,186.07,0,0.69
186.07,186.27,0,0.69
186.27,186.49,0,0.69
187.86,188.19,0,0.69
188.64,188.96,1,0.45
189.01,189.53,1,0.45
189.53,189.82,1,0.45
189.85,190.35,0,0.03
190.55,190.82,1,0.2
190.85,191.07,1,0.2
191.07,191.45,1,0.2
191.45,191.51,1,0.2
191.51,191.83,1,0.2
191.97,192.54,1,0.2
192.77,192.9,1,0.2
192.9,193.13,1,0.2
193.36,193.56,1,0.2
193.56,193.9,1,0.2
193.9,194.11,1,0.2
194.11,194.21,1,0.2
195.05,195.35,1,0.2
196.21,196.59,1,0.2
196.64,196.91,1,0.2
197.03,197.25,1,0.2
197.25,197.77,1,0.2
200.05,200.3,0,2.28
200.3,200.47,0,2.28
200.47,200.6,0,2.28
200.6,200.84,0,2.28
200.84,201.09,0,2.28
201.09,201.24,0,2.28
201.24,201.69,0,2.28
201.69,202.06,0,2.28
202.06,202.3,0,2.28
202.3,202.47,0,2.28
202.47,202.95,0,2.28
202.95,203.06,0,2.28
203.06,203.26,0,2.28
203.26,203.4,0,2.28
203.4,203.87,0,2.28
203.87,203.98,0,2.28
203.98,204.28,0,2.28
204.28,204.46,0,2.28
204.46,204.6,0,2.28
204.6,205.08,0,2.28
205.49,206.17,1,0.41
206.55,207.06,1,0.41
207.06,207.57,1,0.41
207.86,208.49,0,0.29
208.52,208.69,0,0.29
208.69,208.82,0,0.29
208.82,209.01,0,0.29
209.01,209.15,0,0.29
209.15,209.39,0,0.29
209.39,209.64,0,0.29
209.64,209.85,0,0.29
209.85,210.25,0,0.29
211.09,211.33,1,0.84
211.33,211.65,1,0.84
212.22,212.41,1,0.84
212.41,212.64,1,0.84
212.64,212.92,1,0.84
212.92,213.29,1,0.84
213.29,213.73,1,0.84
213.88,214.07,1,0.84
214.45,214.76,1,0.84
214.76,215.09,1,0.84
215.09,215.23,1,0.84
215.23,215.8,1,0.84
215.8,216.3,1,0.84
216.83,217.27,1,0.84
217.73,218.22,1,0.84
218.22,218.5,1,0.84
218.58,218.76,1,0.84
218.81,219.07,1,0.84
219.65,219.99,1,0.84
222.45,222.61,1,0.84
222.61,223.01,1,0.84
223.37,223.73,1,0.84
223.73,223.87,1,0.84
223.87,224.29,1,0.84
224.29,224.34,1,0.84
224.34,224.85,1,0.84
225.48,225.83,0,0.63
225.83,225.98,0,0.63
225.98,226.32,0,0.63
226.32,226.66,0,0.63
226.66,226.79,0,0.63
226.79,227.11,0,0.63
227.11,227.23,0,0.63
227.23,227.35,0,0.63
227.35,227.8,0,0.63
227.83,228.11,0,0.63
228.11,228.55,0,0.63
228.55,228.69,0,0.63
228.69,228.77,0,0.63
228.77,229.17,0,0.63
229.2,229.43,1,0.03
229.43,229.68,1,0.03
229.88,230.74,0,0.2
231.2,232.18,0,0.2
232.21,233.21,0,0.2
234.33,234.67,0,0.2
234.67,234.82,0,0.2
234.82,235.07,0,0.2
235.07,235.42,0,0.2
235.42,235.95,0,0.2
235.98,236.17,0,0.2
236.17,236.32,0,0.2
236.32,236.48,0,0.2
236.48,237.05,0,0.2
237.05,237.42,0,0.2
237.45,237.75,0,0.2
237.81,237.87,0,0.2
237.87,238.36,0,0.2
239.11,239.46,0,0.2
239.81,240.44,0,0.2
240.44,241.1,0,0.2
241.1,241.37,0,0.2
241.37,241.51,0,0.2
241.51,242.14,0,0.2
242.14,242.95,0,0.2
244.21,244.69,0,0.2
245.8,246.01,0,0.2
246.01,246.24,0,0.2
246.24,246.42,0,0.2
246.42,246.58,0,0.2
246.58,246.68,0,0.2
246.68,246.84,0,0.2
246.84,246.97,0,0.2
246.97,247.63,0,0.2
247.82,248.01,0,0.2
248.01,248.68,0,0.2
249.89,250.3,0,0.2
251,251.15,0,0.2
251.15,251.45,0,0.2
251.45,251.86,0,0.2
251.86,252.87,0,0.2
252.87,253.4,0,0.2
253.76,254.03,1,0.36
254.99,255.29,0,0.96
255.29,255.47,0,0.96
255.47,255.85,0,0.96
255.85,256.01,0,0.96
256.01,256.11,0,0.96
256.11,256.27,0,0.96
256.27,256.38,0,0.96
256.38,256.78,0,0.96
256.78,257.03,0,0.96
257.03,257.38,0,0.96
257.94,258.19,1,0.56
258.19,258.33,1,0.56
258.33,258.46,1,0.56
258.46,258.63,1,0.56
258.63,259,1,0.56
259,259.45,1,0.56
259.57,259.84,1,0.56
259.84,260.04,1,0.56
261.66,261.8,0,1.62
261.8,261.96,0,1.62
261.96,262.08,0,1.62
262.08,262.28,0,1.62
262.28,262.39,0,1.62
262.39,262.54,0,1.62
262.54,262.71,0,1.62
262.71,262.86,0,1.62
262.86,263.1,0,1.62
263.1,263.42,0,1.62
264.53,264.74,0,1.62
264.74,264.82,0,1.62
264.82,265.02,0,1.62
265.02,265.38,0,1.62
265.38,266.19,0,1.62
267.19,267.58,1,1
267.58,267.69,1,1
267.69,268.03,1,1
268.03,268.13,1,1
268.13,268.52,1,1
268.52,268.79,1,1
268.79,269.14,1,1
269.14,269.34,1,1
269.34,269.57,1,1
269.57,269.76,1,1
269.76,270.19,1,1
272.8,273,0,2.61
273,273.16,0,2.61
273.16,273.32,0,2.61
273.32,273.79,0,2.61
273.79,273.94,0,2.61
274.78,274.96,1,0.84
274.99,275.15,0,0.03
275.15,275.21,0,0.03
275.21,275.52,0,0.03
275.52,275.64,0,0.03
275.64,275.79,0,0.03
275.79,276.28,0,0.03
278.22,278.36,0,0.03
278.36,278.5,0,0.03
278.5,278.75,0,0.03
278.75,279.19,0,0.03
279.19,279.49,0,0.03
279.49,279.71,0,0.03
279.71,280.21,0,0.03
281.48,281.63,0,0.03
281.63,281.72,0,0.03
281.72,281.95,0,0.03
281.95,282.18,0,0.03
282.18,282.78,0,0.03
283.64,283.91,0,0.03
283.91,284.2,0,0.03
284.2,284.56,0,0.03
284.56,284.73,0,0.03
284.73,285.04,0,0.03
285.07,285.6,0,0.03
285.94,286.5,0,0.03
286.53,286.81,0,0.03
287.07,287.33,0,0.03
287.33,287.66,0,0.03
287.66,287.96,0,0.03
287.96,288.23,0,0.03
288.23,288.89,0,0.03
288.92,289.54,1,0.03
289.81,290.24,0,0.27
290.24,290.67,0,0.27
290.67,290.84,0,0.27
290.84,291.25,0,0.27
292.47,292.88,1,1.22
293.34,294,1,1.22
294,294.15,1,1.22
294.15,294.61,1,1.22
294.61,295.23,1,1.22
295.23,295.5,1,1.22
295.5,295.59,1,1.22
295.59,295.86,1,1.22
295.86,296.16,1,1.22
296.56,296.68,1,1.22
296.68,297.01,1,1.22
297.01,297.21,1,1.22
297.21,297.37,1,1.22
297.37,297.46,1,1.22
297.46,297.7,1,1.22
297.76,298.02,1,1.22
298.02,298.46,1,1.22
298.46,298.78,1,1.22
298.84,299.05,1,1.22
299.17,299.35,1,1.22
299.35,299.54,1,1.22
299.57,299.82,1,1.22
299.82,299.98,1,1.22
299.98,300.23,1,1.22
300.23,300.37,1,1.22
301.3,301.56,1,1.22
301.56,302,1,1.22
302,302.48,1,1.22
302.73,302.9,0,0.25
302.9,303.01,0,0.25
303.01,303.34,0,0.25
303.44,304.13,0,0.25
304.13,304.27,0,0.25
304.27,304.79,0,0.25
305.26,305.41,0,0.25
305.41,305.68,0,0.25
305.68,306.1,0,0.25
306.1,306.34,0,0.25
306.34,306.56,0,0.25
306.56,306.99,0,0.25
307.56,307.88,0,0.25
307.88,307.97,0,0.25
307.97,308.36,0,0.25
308.36,308.73,0,0.25
308.73,309.16,0,0.25
309.59,309.84,1,0.43
309.84,310.2,1,0.43
311.04,311.45,0,0.84
311.45,311.63,0,0.84
311.63,312.07,0,0.84
312.07,312.44,0,0.84
312.44,312.7,0,0.84
312.7,313.43,0,0.84
313.46,313.59,0,0.84
313.59,313.86,0,0.84
313.86,314.4,0,0.84
314.4,314.63,0,0.84
314.63,314.84,0,0.84
314.84,315.01,0,0.84
315.01,315.16,0,0.84
315.16,315.26,0,0.84
315.26,315.52,0,0.84
315.52,315.96,0,0.84
317.11,317.31,0,0.84
317.31,317.41,0,0.84
317.41,317.49,0,0.84
317.49,317.81,0,0.84
319.17,319.43,0,0.84
319.43,320.6,0,0.84
320.97,321.28,0,0.84
321.28,321.43,0,0.84
321.43,321.84,0,0.84
321.84,322.22,0,0.84
322.22,322.41,0,0.84
322.41,322.86,0,0.84
322.86,322.95,0,0.84
322.95,323.04,0,0.84
323.04,323.11,0,0.84
323.11,323.6,0,0.84
323.6,323.88,0,0.84
324.87,325.17,0,0.84
325.17,325.3,0,0.84
325.3,325.68,0,0.84
325.68,325.77,0,0.84
325.77,325.88,0,0.84
325.88,326.18,0,0.84
326.18,326.35,0,0.84
326.35,326.52,0,0.84
326.52,326.94,0,0.84
326.97,327.15,0,0.84
327.15,327.56,0,0.84
327.56,327.88,0,0.84
330.54,330.72,0,0.84
330.72,331.14,0,0.84
331.18,331.61,0,0.84
331.61,331.75,0,0.84
331.75,332.11,0,0.84
332.11,332.28,0,0.84
332.28,332.64,0,0.84
332.68,332.9,0,0.84
332.9,333.04,0,0.84
333.04,333.55,0,0.84
335.45,335.67,0,0.84
335.67,335.86,0,0.84
335.86,335.93,0,0.84
335.93,336.12,0,0.84
336.12,336.51,0,0.84
336.51,336.57,0,0.84
336.57,336.77,0,0.84
336.77,337.15,0,0.84
337.15,337.56,0,0.84
337.86,338.68,0,0.84
338.71,339.63,0,0.84
339.66,340.41,0,0.84
340.44,341.34,0,0.84
342.64,342.79,0,0.84
342.79,342.95,0,0.84
342.95,343.17,0,0.84
343.17,343.37,0,0.84
343.37,343.77,0,0.84
343.8,344.49,0,0.84
344.49,344.8,0,0.84
344.8,345.29,0,0.84
346.31,346.49,0,0.84
346.49,346.83,0,0.84
346.83,346.92,0,0.84
346.92,347.04,0,0.84
347.04,347.38,0,0.84
347.38,347.47,0,0.84
347.47,347.81,0,0.84
347.81,347.97,0,0.84
347.97,348.7,0,0.84
348.73,349.25,0,0.84
349.49,349.7,0,0.84
349.7,349.86,0,0.84
349.86,350.15,0,0.84
350.15,350.62,0,0.84
350.67,350.94,0,0.84
350.94,351.31,0,0.84
351.31,351.49,0,0.84
351.49,352.01,0,0.84
352.01,352.29,0,0.84
352.29,352.83,0,0.84
352.83,353.23,0,0.84
354.38,354.82,0,0.84
355,355.15,0,0.84
355.15,355.32,0,0.84
355.32,355.57,0,0.84
355.57,356.15,0,0.84
357.37,357.69,0,0.84
357.75,357.92,0,0.84
357.92,358.02,0,0.84
358.02,358.2,0,0.84
358.2,358.32,0,0.84
358.32,358.47,0,0.84
358.47,358.77,0,0.84
358.77,358.96,0,0.84
358.96,359.07,0,0.84
359.07,359.49,0,0.84
359.49,359.75,0,0.84
359.75,360.09,0,0.84
360.09,360.2,0,0.84
360.2,360.89,0,0.84
361.76,362.06,0,0.84
362.06,362.6,0,0.84
362.6,362.98,0,0.84
362.98,363.24,0,0.84
363.24,363.36,0,0.84
363.36,363.47,0,0.84
363.47,363.93,0,0.84
363.93,364.18,0,0.84
364.18,364.34,0,0.84
364.34,364.59,0,0.84
364.59,364.85,0,0.84
364.85,364.94,0,0.84
364.94,365.13,0,0.84
365.13,365.45,0,0.84
366.8,367.13,0,0.84
367.13,367.5,0,0.84
367.5,367.69,0,0.84
367.69,367.8,0,0.84
367.8,367.89,0,0.84
367.89,368.25,0,0.84
368.25,368.34,0,0.84
368.34,368.49,0,0.84
368.49,368.85,0,0.84
368.85,369.79,0,0.84
369.79,369.94,0,0.84
369.94,370.04,0,0.84
370.04,370.44,0,0.84
370.44,371.16,0,0.84
371.16,371.3,0,0.84
371.3,371.59,0,0.84
371.59,372.04,0,0.84
372.04,372.2,0,0.84
372.2,372.79,0,0.84
373.41,373.69,1,0.62
374.53,374.84,0,0.84
374.84,375.05,0,0.84
375.05,375.64,0,0.84
375.98,376.36,0,0.84
377.2,377.33,0,0.84
377.33,377.58,0,0.84
377.58,378.27,0,0.84
378.87,379.23,1,0.6
380.67,380.99,1,0.6
380.99,381.11,1,0.6
381.11,381.32,1,0.6
381.32,381.72,1,0.6
381.72,381.83,1,0.6
381.83,382.03,1,0.6
382.03,382.37,1,0.6
382.41,382.85,1,0.6
383.05,383.26,1,0.6
384.46,384.61,1,0.6
384.61,384.74,1,0.6
384.74,384.97,1,0.6
384.97,385.09,1,0.6
385.09,385.35,1,0.6
385.35,385.49,1,0.6
385.49,385.79,1,0.6
385.79,385.93,1,0.6
385.93,386.07,1,0.6
386.07,386.59,1,0.6
386.68,386.81,1,0.6
386.81,387.1,1,0.6
387.1,387.63,1,0.6
387.63,387.9,1,0.6
387.9,388,1,0.6
388.11,388.38,1,0.6
388.54,388.94,1,0.6
389.79,390.02,1,0.6
390.93,390.96,1,0.6
390.96,391.17,1,0.6
391.17,391.45,1,0.6
391.45,391.87,1,0.6
392.02,392.31,1,0.6
393.28,393.62,1,0.6
393.62,393.86,1,0.6
393.86,394.1,1,0.6
394.1,394.5,1,0.6
394.5,394.74,1,0.6
394.74,394.86,1,0.6
394.86,395.34,1,0.6
396.94,397.06,1,0.6
397.06,397.4,1,0.6
397.61,397.94,1,0.6
398.06,398.63,1,0.6
399.44,399.75,1,0.6
399.75,399.89,1,0.6
399.89,400.15,1,0.6
400.15,400.38,1,0.6
400.38,400.52,1,0.6
400.52,400.81,1,0.6
401.66,401.88,1,0.6
401.88,401.94,1,0.6
401.94,402.21,1,0.6
402.68,403.21,1,0.6
403.24,403.56,1,0.6
404.52,404.69,1,0.6
404.69,404.81,1,0.6
404.81,405.09,1,0.6
405.14,405.63,0,0.05
405.63,405.73,0,0.05
405.73,406.01,0,0.05
406.01,406.32,0,0.05
406.32,406.79,0,0.05
406.79,406.92,0,0.05
406.92,407.04,0,0.05
407.04,407.29,0,0.05
407.29,407.72,0,0.05
407.72,407.85,0,0.05
407.85,408.1,0,0.05
408.1,408.51,0,0.05
408.8,409.06,0,0.05
409.06,409.23,0,0.05
409.23,409.77,0,0.05
409.77,409.9,0,0.05
409.9,410.11,0,0.05
410.11,410.45,0,0.05
410.45,410.58,0,0.05
410.58,410.73,0,0.05
410.73,411.02,0,0.05
411.02,411.32,0,0.05
411.46,411.8,1,0.14
411.8,411.88,1,0.14
411.88,412,1,0.14
412,412.11,1,0.14
412.11,412.25,1,0.14
412.25,412.7,1,0.14
413.61,413.64,1,0.14
413.64,413.87,1,0.14
413.87,414.08,1,0.14
414.08,414.29,1,0.14
414.29,414.61,1,0.14
414.61,414.88,1,0.14
416.98,417.12,0,2.1
417.12,417.23,0,2.1
417.23,417.43,0,2.1
417.43,417.49,0,2.1
417.49,418.4,0,2.1
418.77,418.95,0,2.1
418.95,419.09,0,2.1
419.09,419.18,0,2.1
419.18,419.53,0,2.1
419.53,419.62,0,2.1
419.62,419.88,0,2.1
419.88,420.07,0,2.1
420.07,420.29,0,2.1
420.29,420.73,0,2.1
420.73,420.89,0,2.1
420.89,421.43,0,2.1
421.46,421.67,0,2.1
421.67,421.86,0,2.1
421.86,422.05,0,2.1
422.05,422.28,0,2.1
422.28,422.55,0,2.1
422.55,422.8,0,2.1
422.8,423.24,0,2.1
423.24,423.35,0,2.1
423.35,423.58,0,2.1
423.58,423.73,0,2.1
423.73,423.83,0,2.1
423.83,424.09,0,2.1
424.7,424.85,1,0.61
424.85,425.06,1,0.61
425.06,425.32,1,0.61
425.32,425.89,1,0.61
426.18,426.55,1,0.61
426.55,426.65,1,0.61
426.65,426.84,1,0.61
426.84,427.25,1,0.61
427.28,427.73,1,0.61
429.99,430.17,1,0.61
430.17,430.38,1,0.61
430.38,430.57,1,0.61
430.57,430.75,1,0.61
430.75,430.85,1,0.61
430.85,430.99,1,0.61
430.99,431.27,1,0.61
431.27,431.84,1,0.61
433.53,434.1,0,1.69
434.13,434.6,0,1.69
434.63,435.18,0,1.69
435.18,435.58,0,1.69
436.72,436.88,0,1.69
436.88,437,0,1.69
437,437.49,0,1.69
437.49,437.7,0,1.69
437.7,438.15,0,1.69
438.2,438.35,0,1.69
438.35,438.75,0,1.69
438.75,438.91,0,1.69
438.91,439.02,0,1.69
439.02,439.57,0,1.69
441.7,441.88,0,1.69
441.88,442.01,0,1.69
442.01,442.7,0,1.69
442.73,442.96,0,1.69
442.96,443.15,0,1.69
443.15,443.6,0,1.69
443.6,443.73,0,1.69
443.73,443.94,0,1.69
443.94,444.19,0,1.69
444.19,444.63,0,1.69
445.7,446.07,0,1.69
446.07,446.18,0,1.69
446.18,446.65,0,1.69
447.06,447.43,0,1.69
447.57,447.72,0,1.69
447.72,447.9,0,1.69
447.9,448.1,0,1.69
448.1,448.23,0,1.69
448.23,448.4,0,1.69
448.4,448.86,0,1.69
450.01,450.2,0,1.69
450.2,450.51,0,1.69
450.67,450.85,0,1.69
450.85,450.92,0,1.69
450.92,451.06,0,1.69
451.06,451.33,0,1.69
451.33,451.46,0,1.69
451.46,451.73,0,1.69
451.73,451.81,0,1.69
451.81,452,0,1.69
452,452.81,0,1.69
452.81,453.41,0,1.69
454.81,455.26,1,1.4
456.41,456.82,1,1.4
456.82,457.08,1,1.4
457.08,457.25,1,1.4
457.25,457.65,1,1.4
457.65,457.76,1,1.4
457.76,458.14,1,1.4
458.14,458.31,1,1.4
458.31,458.49,1,1.4
458.49,459,1,1.4
459.24,459.68,1,1.4
459.68,460,1,1.4
460.05,460.35,1,1.4
460.35,460.71,1,1.4
460.71,461.18,1,1.4
461.36,461.58,1,1.4
461.58,461.69,1,1.4
461.69,461.81,1,1.4
461.81,462.44,1,1.4
462.6,463.02,0,0.16
463.02,463.21,0,0.16
463.21,463.55,0,0.16
463.8,463.94,0,0.16
463.94,464.14,0,0.16
464.14,464.39,0,0.16
464.39,464.5,0,0.16
464.5,464.67,0,0.16
464.67,464.81,0,0.16
464.81,465.13,0,0.16
465.94,466.09,0,0.16
466.09,466.21,0,0.16
466.21,466.42,0,0.16
466.42,466.59,0,0.16
466.59,466.99,0,0.16
466.99,467.37,0,0.16
467.37,467.56,0,0.16
467.56,467.66,0,0.16
467.66,468,0,0.16
468.21,468.81,0,0.16
468.81,469.01,0,0.16
469.01,469.14,0,0.16
469.14,469.82,0,0.16
470.44,470.61,0,0.16
470.61,470.81,0,0.16
470.81,470.95,0,0.16
470.95,471.4,0,0.16
472.34,472.63,0,0.16
473.56,473.65,0,0.16
473.65,473.92,0,0.16
473.92,474.07,0,0.16
474.07,474.19,0,0.16
474.19,474.44,0,0.16
474.44,474.66,0,0.16
474.83,475.29,1,0.17
475.29,475.6,1,0.17
476.43,476.55,0,0.83
476.55,476.7,0,0.83
476.7,476.9,0,0.83
476.9,477.24,0,0.83
477.24,477.38,0,0.83
477.38,477.99,0,0.83
480.89,481.07,0,0.83
481.07,481.17,0,0.83
481.17,481.65,0,0.83
481.65,482,0,0.83
482,482.51,0,0.83
483.39,483.61,0,0.83
483.61,484,0,0.83
484,484.59,0,0.83
484.59,484.75,0,0.83
484.75,484.89,0,0.83
484.89,485.25,0,0.83
485.25,485.36,0,0.83
485.36,485.44,0,0.83
485.44,485.71,0,0.83
485.71,485.87,0,0.83
485.87,486.02,0,0.83
486.02,486.12,0,0.83
486.12,486.28,0,0.83
486.28,486.7,0,0.83
486.7,486.86,0,0.83
486.86,486.98,0,0.83
486.98,487.21,0,0.83
487.21,487.34,0,0.83
487.34,487.45,0,0.83
487.45,488.04,0,0.83
488.65,488.81,0,0.83
488.81,489.41,0,0.83
489.41,489.76,0,0.83
489.76,490.05,0,0.83
490.05,490.19,0,0.83
490.19,490.44,0,0.83
490.44,490.54,0,0.83
490.54,490.64,0,0.83
490.64,491.09,0,0.83
492.15,492.33,0,0.83
492.33,492.45,0,0.83
492.96,493.09,0,0.83
493.09,493.22,0,0.83
493.22,493.47,0,0.83
493.47,493.61,0,0.83
493.61,493.9,0,0.83
493.9,494.4,0,0.83
495.63,496.15,0,0.83
496.23,496.37,0,0.83
496.37,496.7,0,0.83
496.7,497.24,0,0.83
497.24,497.35,0,0.83
497.35,497.45,0,0.83
497.45,497.7,0,0.83
497.7,498.45,0,0.83
498.45,498.68,0,0.83
498.68,498.75,0,0.83
498.75,498.9,0,0.83
498.9,499.01,0,0.83
499.01,499.32,0,0.83
499.32,499.53,0,0.83
499.53,499.65,0,0.83
499.65,499.81,0,0.83
499.81,500.68,0,0.83
501.72,501.96,0,0.83
501.96,502.08,0,0.83
502.08,502.22,0,0.83
502.22,502.46,0,0.83
502.46,502.74,0,0.83
502.74,503.05,0,0.83
503.05,503.33,0,0.83
503.33,503.4,0,0.83
503.4,503.97,0,0.83
506.2,506.38,0,0.83
506.38,506.58,0,0.83
506.58,506.92,0,0.83
506.92,507.24,0,0.83
507.24,507.62,0,0.83
508.15,508.7,0,0.83
509.3,509.76,0,0.83
509.76,510.09,0,0.83
510.09,510.31,0,0.83
510.31,510.46,0,0.83
510.46,510.51,0,0.83
510.51,511.44,0,0.83
511.79,512.04,0,0.83
512.04,512.16,0,0.83
512.16,512.73,0,0.83
512.81,513.33,0,0.83
513.33,513.7,0,0.83
513.89,514.2,0,0.83
515.06,515.44,0,0.83
515.44,515.66,0,0.83
515.66,515.84,0,0.83
515.84,516.2,0,0.83
516.2,516.59,0,0.83
518.31,518.79,0,0.83
518.82,518.98,0,0.83
518.98,519.23,0,0.83
519.23,519.5,0,0.83
519.5,519.75,0,0.83
519.75,519.87,0,0.83
519.87,520.6,0,0.83
521.34,521.44,0,0.83
521.44,521.88,0,0.83
521.88,522.08,0,0.83
522.08,522.34,0,0.83
522.34,522.48,0,0.83
522.48,522.86,0,0.83
523.14,523.29,0,0.83
523.29,523.52,0,0.83
523.52,523.73,0,0.83
523.73,523.92,0,0.83
523.92,524.01,0,0.83
524.01,524.66,0,0.83
524.74,525.45,0,0.83
525.45,525.6,0,0.83
525.6,526.22,0,0.83
528.07,528.22,0,0.83
528.22,528.53,0,0.83
528.75,529.16,0,0.83
529.16,529.24,0,0.83
529.24,529.38,0,0.83
529.38,529.51,0,0.83
529.51,529.6,0,0.83
529.6,530.11,0,0.83
531.03,531.18,0,0.83
531.18,531.36,0,0.83
531.36,531.47,0,0.83
531.47,531.87,0,0.83
531.87,532.12,0,0.83
532.79,533.23,0,0.83
533.23,533.3,0,0.83
533.3,533.49,0,0.83
533.49,533.59,0,0.83
533.59,533.72,0,0.83
533.72,534.17,0,0.83
534.17,534.47,0,0.83
534.91,535.38,0,0.83
535.38,535.52,0,0.83
535.52,536.21,0,0.83
536.24,536.34,0,0.83
536.34,536.47,0,0.83
536.47,536.61,0,0.83
536.61,537.14,0,0.83
537.46,537.78,0,0.83
537.78,537.86,0,0.83
537.86,537.92,0,0.83
537.92,538.18,0,0.83
538.18,538.37,0,0.83
538.37,538.45,0,0.83
538.45,538.63,0,0.83
538.63,539.25,0,0.83
539.25,539.48,0,0.83
539.48,539.8,0,0.83
539.8,540.11,0,0.83
540.11,540.19,0,0.83
540.19,540.44,0,0.83
540.44,540.58,0,0.83
540.58,540.76,0,0.83
540.8,541.25,0,0.83
542.42,542.45,1,1.17
542.45,542.7,1,1.17
542.7,543.07,1,1.17
543.33,543.5,1,1.17
543.5,543.62,1,1.17
543.62,544.04,1,1.17
545.32,545.49,0,1.28
545.49,545.55,0,1.28
545.55,545.62,0,1.28
545.62,545.82,0,1.28
545.82,546,0,1.28
546,546.19,0,1.28
546.19,546.47,0,1.28
547.5,547.76,1,1.03
547.76,548.09,1,1.03
548.09,548.2,1,1.03
548.2,548.77,1,1.03
548.77,549.15,1,1.03
550.45,550.85,0,1.3
550.88,551.02,1,0.03
551.02,551.19,1,0.03
551.19,551.27,1,0.03
551.27,551.54,1,0.03
552.17,552.48,1,0.03
552.48,552.87,1,0.03
552.87,553.11,1,0.03
553.11,553.26,1,0.03
553.26,553.37,1,0.03
553.37,553.79,1,0.03
554.63,554.8,1,0.03
555.83,556.11,1,0.03
556.15,556.42,1,0.03
556.45,556.83,1,0.03
557,557.43,1,0.03
557.46,557.57,1,0.03
557.57,557.7,1,0.03
557.7,557.84,1,0.03
557.84,557.91,1,0.03
557.91,558.12,1,0.03
558.12,558.33,1,0.03
558.96,559.19,0,0.63
559.19,559.36,0,0.63
559.36,559.44,0,0.63
559.44,559.62,0,0.63
559.62,559.7,0,0.63
559.7,560.03,0,0.63
560.06,560.51,0,0.63
560.54,560.75,0,0.63
560.75,561.14,0,0.63
561.17,561.42,0,0.63
561.42,561.52,0,0.63
561.52,561.99,0,0.63
561.99,562.07,0,0.63
562.07,562.47,0,0.63
562.47,562.79,0,0.63
563.24,563.71,0,0.63
563.91,564.12,0,0.63
564.12,564.4,0,0.63
564.4,565.11,0,0.63
565.11,565.2,0,0.63
565.2,565.36,0,0.63
565.39,565.47,0,0.63
565.47,565.76,0,0.63
565.76,565.96,0,0.63
565.96,566.51,0,0.63
567.68,568.25,0,0.63
568.38,568.59,0,0.63
568.59,568.83,0,0.63
568.83,569.04,0,0.63
569.04,569.12,0,0.63
569.12,569.24,0,0.63
569.24,569.45,0,0.63
569.45,569.79,0,0.63
569.79,569.99,0,0.63
569.99,570.11,0,0.63
570.11,570.52,0,0.63
571.12,571.44,0,0.63
571.44,571.5,0,0.63
571.5,571.74,0,0.63
571.74,571.84,0,0.63
571.84,571.9,0,0.63
571.9,572.13,0,0.63
572.13,572.31,0,0.63
572.31,572.38,0,0.63
572.38,572.55,0,0.63
572.55,572.85,0,0.63
573.03,573.16,0,0.63
573.16,573.3,0,0.63
573.3,573.43,0,0.63
573.43,573.76,0,0.63
573.76,573.92,0,0.63
573.92,574,0,0.63
574,574.19,0,0.63
574.19,574.71,0,0.63
575.31,575.77,1,0.6
576.16,576.32,0,0.39
576.32,576.6,0,0.39
576.6,576.71,0,0.39
576.71,577.01,0,0.39
577.01,577.28,0,0.39